spp,region,n()
Acantholithodes hispidus,Aleutian Islands,5474
Acantholithodes hispidus,Gulf of Alaska,10160
Acantholithodes hispidus,West Coast Annual,4584
Acanthostracion quadricornis,Gulf of Mexico,3089
Achelous spinicarpus,Gulf of Mexico,3089
Achelous spinimanus,Gulf of Mexico,3089
Achelous spinimanus,Southeast US Fall,2681
Achelous spinimanus,Southeast US Spring,2562
Achelous spinimanus,Southeast US Summer,2807
Actinauge verrilli,West Coast Annual,4584
Actiniaria spp.,Aleutian Islands,5474
Actiniaria spp.,Eastern Bering Sea,13071
Actiniaria spp.,Gulf of Alaska,10160
Actiniaria spp.,West Coast Annual,4584
Actiniaria spp.,West Coast Triennial,3535
Aequipecten muscosus,Gulf of Mexico,3089
Aetobatus narinari,Southeast US Fall,2681
Aetobatus narinari,Southeast US Spring,2562
Aforia circinata,Eastern Bering Sea,13071
Agonopsis vulsa,West Coast Annual,4584
Alectis ciliaris,Southeast US Summer,2807
Allocentrotus fragilis,Gulf of Alaska,10160
Allosmerus elongatus,West Coast Annual,4584
Allosmerus elongatus,West Coast Triennial,3535
Alosa aestivalis,Northeast US Fall,12884
Alosa aestivalis,Northeast US Spring,12479
Alosa pseudoharengus,Northeast US Fall,12884
Alosa pseudoharengus,Northeast US Spring,12479
Alosa pseudoharengus,Scotian Shelf,8380
Alosa sapidissima,Northeast US Fall,12884
Alosa sapidissima,Northeast US Spring,12479
Alosa sapidissima,Scotian Shelf,8338
Alosa sapidissima,West Coast Annual,4584
Alosa sapidissima,West Coast Triennial,3535
Aluterus heudelotii,Gulf of Mexico,3089
Aluterus schoepfii,Gulf of Mexico,3089
Aluterus schoepfii,Southeast US Fall,2681
Aluterus schoepfii,Southeast US Summer,2807
Amblyraja radiata,Northeast US Fall,12884
Amblyraja radiata,Northeast US Spring,12479
Amblyraja radiata,Scotian Shelf,8772
Ammodytes dubius,Northeast US Fall,12884
Ammodytes dubius,Northeast US Spring,12479
Ammodytes dubius,Scotian Shelf,8525
Ammodytes sp.,Aleutian Islands,5474
Ammodytes sp.,Eastern Bering Sea,13071
Ammodytes sp.,Gulf of Alaska,10160
Amusium papyraceum,Gulf of Mexico,3089
Anadara baughmani,Gulf of Mexico,3089
Anarhichas lupus,Northeast US Fall,12884
Anarhichas lupus,Northeast US Spring,12479
Anarhichas lupus,Scotian Shelf,8550
Anarhichas orientalis,Eastern Bering Sea,13071
Anarhichas orientalis,Gulf of Alaska,10160
Anarrhichthys ocellatus,Gulf of Alaska,10160
Anasimus latus,Gulf of Mexico,3089
Anchoa hepsetus,Gulf of Mexico,3089
Anchoa hepsetus,Northeast US Fall,12884
Anchoa mitchilli,Gulf of Mexico,3089
Anchoa mitchilli,Northeast US Fall,12884
Anchoa mitchilli,Northeast US Spring,12479
Anchoa spp.,Southeast US Fall,2681
Anchoa spp.,Southeast US Spring,2562
Anchoa spp.,Southeast US Summer,2807
Ancylopsetta dilecta,Gulf of Mexico,3089
Ancylopsetta ommata,Gulf of Mexico,3089
Ancylopsetta ommata,Southeast US Fall,2681
Ancylopsetta ommata,Southeast US Spring,2562
Ancylopsetta ommata,Southeast US Summer,2807
Anisodoris nobilis,West Coast Annual,4584
Anoplopoma fimbria,Aleutian Islands,5474
Anoplopoma fimbria,Gulf of Alaska,10160
Anoplopoma fimbria,West Coast Annual,4584
Anoplopoma fimbria,West Coast Triennial,3535
Antennarius ocellatus,Gulf of Mexico,3089
Antennarius radiosus,Gulf of Mexico,3089
Antennarius striatus,Gulf of Mexico,3089
Anthenoides peircei,Gulf of Mexico,3089
Anthomastus sp.,Aleutian Islands,5485
Anthopleura xanthogrammica,West Coast Annual,4584
Anthoptilum grandiflorum,West Coast Annual,4584
Aphrocallistes vastus,Aleutian Islands,5474
Aphrocallistes vastus,Gulf of Alaska,10160
Aphrodita,West Coast Annual,4584
Aphroditidae spp.,Eastern Bering Sea,13071
Aphroditidae spp.,Gulf of Alaska,10160
Aphroditidae spp.,West Coast Triennial,3535
Aplidium spp.,Eastern Bering Sea,13071
Aplysia,Gulf of Mexico,3089
Apogon affinis,Gulf of Mexico,3089
Apogon aurolineatus,Gulf of Mexico,3089
Apogon pseudomaculatus,Gulf of Mexico,3089
Apogon quadrisquamatus,Gulf of Mexico,3089
Apristurus brunneus,West Coast Annual,4584
Apristurus brunneus,West Coast Triennial,3535
Aptocyclus ventricosus,Aleutian Islands,5474
Aptocyclus ventricosus,Gulf of Alaska,10160
Arbacia punctulata,Gulf of Mexico,3089
Arca zebra,Gulf of Mexico,3089
Archosargus probatocephalus,Southeast US Fall,2681
Archosargus probatocephalus,Southeast US Spring,2562
Arctomelon stearnsii,Aleutian Islands,5474
Arctomelon stearnsii,Eastern Bering Sea,13071
Arctomelon stearnsii,Gulf of Alaska,10160
Arenaeus cribrarius,Gulf of Mexico,3089
Arenaeus cribrarius,Southeast US Fall,2681
Arenaeus cribrarius,Southeast US Spring,2562
Arenaeus cribrarius,Southeast US Summer,2807
Argentina sialis,West Coast Annual,4584
Argentina silus,Northeast US Fall,12884
Argentina silus,Northeast US Spring,12479
Argentina silus,Scotian Shelf,8339
Argis dentata,Eastern Bering Sea,13071
Argis dentata,Gulf of Alaska,10160
Argis lar,Eastern Bering Sea,13071
Argis spp.,Eastern Bering Sea,13071
Argis spp.,Gulf of Alaska,10160
Argopecten gibbus,Gulf of Mexico,3089
Ariopsis felis,Gulf of Mexico,3089
Ariopsis felis,Southeast US Fall,2681
Ariopsis felis,Southeast US Spring,2562
Ariopsis felis,Southeast US Summer,2807
Ascidiacea,Gulf of Mexico,3089
Aspidophoroides monopterygius,Eastern Bering Sea,13071
Asterias amurensis,Eastern Bering Sea,13071
Asteroporpa annulata,Gulf of Mexico,3089
Asterozoa spp.,Aleutian Islands,5474
Asterozoa spp.,Gulf of Alaska,10160
Asterozoa spp.,West Coast Triennial,3535
Astrapogon alutus,Gulf of Mexico,3089
Astropecten articulatus,Gulf of Mexico,3089
Astropecten cingulatus,Gulf of Mexico,3089
Astropecten duplicatus,Gulf of Mexico,3089
Astropecten verilli,West Coast Annual,4584
Astrophyton muricatum,Gulf of Mexico,3089
Atheresthes spp.,Aleutian Islands,5474
Atheresthes spp.,Eastern Bering Sea,13071
Atheresthes stomias,Gulf of Alaska,10160
Atheresthes stomias,West Coast Annual,4584
Atheresthes stomias,West Coast Triennial,3535
Aurelia,West Coast Annual,4584
Aurelia spp.,Gulf of Mexico,3089
Bagre marinus,Gulf of Mexico,3089
Bagre marinus,Southeast US Fall,2681
Bairdiella chrysoura,Gulf of Mexico,3089
Bairdiella chrysoura,Southeast US Fall,2681
Bairdiella chrysoura,Southeast US Spring,2562
Bairdiella chrysoura,Southeast US Summer,2807
Balanus spp.,Aleutian Islands,5474
Balanus spp.,Gulf of Alaska,10160
Balistes capriscus,Gulf of Mexico,3089
Bathyagonus nigripinnis,Aleutian Islands,5474
Bathyagonus nigripinnis,Gulf of Alaska,10160
Bathyagonus nigripinnis,West Coast Annual,4584
Bathyagonus pentacanthus,Gulf of Alaska,10160
Bathyagonus pentacanthus,West Coast Annual,4584
Bathymaster caeruleofasciatus,Aleutian Islands,5474
Bathymaster signatus,Aleutian Islands,5474
Bathymaster signatus,Eastern Bering Sea,13071
Bathymaster signatus,Gulf of Alaska,10160
Bathyplotes spp.,Aleutian Islands,5474
Bathyplotes spp.,Gulf of Alaska,10160
Bathyraja spp.,Aleutian Islands,5474
Bathyraja spp.,Eastern Bering Sea,13071
Bathyraja spp.,Gulf of Alaska,10160
Bathyraja spp.,West Coast Annual,4584
Bathyraja spp.,West Coast Triennial,3535
Bellator militaris,Gulf of Mexico,3089
Benthoctopus,West Coast Annual,4584
Benthoctopus leioderma,Gulf of Alaska,10160
Benthoctopus leioderma,West Coast Annual,4584
Beringius behringi,Eastern Bering Sea,13071
Beringius spp.,Aleutian Islands,5474
Beringius spp.,Eastern Bering Sea,13071
Beringraja binoculata,Aleutian Islands,5474
Beringraja binoculata,Gulf of Alaska,10160
Berryteuthis magister,Aleutian Islands,5474
Berryteuthis magister,Gulf of Alaska,10160
Bivalvia spp.,Eastern Bering Sea,13071
Bivalvia spp.,Gulf of Alaska,10160
Bolinia euryptera,Aleutian Islands,5474
Bollmannia communis,Gulf of Mexico,3089
Boltenia ovifera,Eastern Bering Sea,13071
Boltenia spp.,Eastern Bering Sea,13071
Boreogadus saida,Eastern Bering Sea,13071
Bothrocara pusillum,Gulf of Alaska,10160
Bothus,Gulf of Mexico,3089
Brachiopoda spp.,Gulf of Alaska,10160
Brachiopoda spp.,West Coast Annual,4584
Brachiopoda spp.,West Coast Triennial,3535
Bregmaceros atlanticus,Gulf of Mexico,3089
Brevoortia patronus,Gulf of Mexico,3089
Brevoortia smithi,Southeast US Fall,2681
Brevoortia smithi,Southeast US Spring,2562
Brevoortia tyrannus,Northeast US Spring,12479
Brevoortia tyrannus,Southeast US Fall,2681
Brevoortia tyrannus,Southeast US Spring,2562
Brevoortia tyrannus,Southeast US Summer,2807
Brisaster,West Coast Annual,4584
Brisaster latifrons,Gulf of Alaska,10160
Brisaster latifrons,West Coast Annual,4584
Brosme brosme,Northeast US Fall,12884
Brosme brosme,Northeast US Spring,12479
Brosme brosme,Scotian Shelf,8357
Brotula barbata,Gulf of Mexico,3089
Bryozoa spp.,Aleutian Islands,5474
Bryozoa spp.,Eastern Bering Sea,13071
Bryozoa spp.,Gulf of Alaska,10160
Bryozoichthys marjorius,Aleutian Islands,5474
Buccinum angulosum,Eastern Bering Sea,13071
Buccinum plectrum,Eastern Bering Sea,13071
Buccinum plectrum,Gulf of Alaska,10160
Buccinum polare,Eastern Bering Sea,13071
Buccinum scalariforme,Eastern Bering Sea,13071
Buccinum spp.,Aleutian Islands,5474
Buccinum spp.,Eastern Bering Sea,13071
Buccinum spp.,Gulf of Alaska,10160
Calamus arctifrons,Gulf of Mexico,3089
Calamus leucosteus,Gulf of Mexico,3089
Calamus nodosus,Gulf of Mexico,3089
Calamus penna,Gulf of Mexico,3089
Calamus proridens,Gulf of Mexico,3089
Calappa flammea,Gulf of Mexico,3089
Calappa flammea,Southeast US Summer,2807
Calappa sulcata,Gulf of Mexico,3089
Calinaticina oldroydii,West Coast Annual,4584
Callinectes ornatus,Southeast US Fall,2681
Callinectes ornatus,Southeast US Summer,2807
Callinectes sapidus,Gulf of Mexico,3089
Callinectes sapidus,Northeast US Fall,12884
Callinectes sapidus,Southeast US Fall,2681
Callinectes sapidus,Southeast US Spring,2562
Callinectes sapidus,Southeast US Summer,2807
Callinectes similis,Gulf of Mexico,3089
Callinectes similis,Southeast US Fall,2681
Callinectes similis,Southeast US Spring,2562
Callinectes similis,Southeast US Summer,2807
Cancer anthonyi,West Coast Annual,4584
Cancer borealis,Northeast US Fall,12884
Cancer borealis,Northeast US Spring,12479
Cancer irroratus,Northeast US Fall,12884
Cancer irroratus,Northeast US Spring,12479
Cancer irroratus,Southeast US Spring,2562
Cancer productus,West Coast Annual,4584
Cancer productus,West Coast Triennial,3535
Cantharus cancellarius,Gulf of Mexico,3089
Caranx crysos,Gulf of Mexico,3089
Caranx crysos,Northeast US Fall,12884
Caranx crysos,Southeast US Fall,2681
Caranx crysos,Southeast US Spring,2562
Caranx crysos,Southeast US Summer,2807
Caranx hippos,Southeast US Fall,2681
Caranx hippos,Southeast US Spring,2562
Carcharhinus acronotus,Gulf of Mexico,3089
Carcharhinus acronotus,Southeast US Spring,2562
Carcharhinus acronotus,Southeast US Summer,2807
Carcharhinus plumbeus,Northeast US Fall,12884
Careproctus melanurus,Aleutian Islands,5474
Careproctus melanurus,Gulf of Alaska,10160
Careproctus melanurus,West Coast Annual,4584
Careproctus melanurus,West Coast Triennial,3535
Careproctus rastrinus,Aleutian Islands,5474
Careproctus spp.,Aleutian Islands,5474
Caretta caretta,Gulf of Mexico,3089
Caretta caretta,Southeast US Fall,2681
Caretta caretta,Southeast US Spring,2562
Caretta caretta,Southeast US Summer,2807
Caulolatilus intermedius,Gulf of Mexico,3089
Centropristis ocyurus,Gulf of Mexico,3089
Centropristis philadelphica,Gulf of Mexico,3089
Centropristis philadelphica,Southeast US Fall,2681
Centropristis philadelphica,Southeast US Summer,2807
Centropristis striata,Gulf of Mexico,3089
Centropristis striata,Northeast US Fall,12884
Centropristis striata,Northeast US Spring,12479
Centropristis striata,Southeast US Fall,2681
Centropristis striata,Southeast US Spring,2562
Centropristis striata,Southeast US Summer,2807
Ceramaster,West Coast Annual,4584
Ceramaster japonicus,Aleutian Islands,5474
Ceramaster japonicus,Eastern Bering Sea,13071
Ceramaster patagonicus,Aleutian Islands,5474
Ceramaster patagonicus,Gulf of Alaska,10160
Ceramaster spp.,Aleutian Islands,5474
Ceramaster spp.,Gulf of Alaska,10160
Chaetodipterus faber,Gulf of Mexico,3089
Chaetodipterus faber,Southeast US Fall,2681
Chaetodipterus faber,Southeast US Spring,2562
Chaetodipterus faber,Southeast US Summer,2807
Chaetodon ocellatus,Gulf of Mexico,3089
Chaetodon sedentarius,Gulf of Mexico,3089
Chauliodontinae spp.,Gulf of Alaska,10160
Chauliodus macouni,Aleutian Islands,5474
Chauliodus macouni,Gulf of Alaska,10160
Cheiraster dawsoni,Aleutian Islands,5474
Cheiraster dawsoni,Gulf of Alaska,10160
Cheiraster dawsoni,West Coast Annual,4584
Chesnonia verrucosa,West Coast Annual,4584
Chilara taylori,West Coast Annual,4584
Chilara taylori,West Coast Triennial,3535
Chilomycterus schoepfii,Gulf of Mexico,3089
Chilomycterus schoepfii,Southeast US Fall,2681
Chilomycterus schoepfii,Southeast US Spring,2562
Chilomycterus schoepfii,Southeast US Summer,2807
Chione clenchii,Gulf of Mexico,3089
Chionoecetes bairdi,Aleutian Islands,5474
Chionoecetes bairdi,Eastern Bering Sea,13071
Chionoecetes bairdi,Gulf of Alaska,10160
Chionoecetes bairdi,West Coast Annual,4584
Chionoecetes opilio,Eastern Bering Sea,13071
Chionoecetes spp.,Eastern Bering Sea,13071
Chionoecetes tanneri,West Coast Annual,4584
Chirona evermanni,Aleutian Islands,5474
Chirona evermanni,Eastern Bering Sea,13071
Chirona evermanni,Gulf of Alaska,10160
Chitonotus pugetensis,West Coast Annual,4584
Chlamys rubida,Gulf of Alaska,10160
Chlamys spp.,Aleutian Islands,5474
Chlamys spp.,Eastern Bering Sea,13071
Chlamys spp.,Gulf of Alaska,10160
Chloroscombrus chrysurus,Gulf of Mexico,3089
Chloroscombrus chrysurus,Southeast US Fall,2681
Chloroscombrus chrysurus,Southeast US Spring,2562
Chloroscombrus chrysurus,Southeast US Summer,2807
Chorilia longipes,Aleutian Islands,5474
Chorilia longipes,Gulf of Alaska,10160
Chorilia longipes,West Coast Annual,4584
Chromis enchrysura,Gulf of Mexico,3089
Chrysaora,West Coast Annual,4584
Chrysaora fuscens,West Coast Annual,4584
Chrysaora quinquecirrha,Gulf of Mexico,3089
Ciliatoclinocardium ciliatum,Eastern Bering Sea,13071
Citharichthys arctifrons,Northeast US Fall,12884
Citharichthys arctifrons,Northeast US Spring,12479
Citharichthys cornutus,Gulf of Mexico,3089
Citharichthys macrops,Gulf of Mexico,3089
Citharichthys macrops,Southeast US Fall,2681
Citharichthys macrops,Southeast US Spring,2562
Citharichthys macrops,Southeast US Summer,2807
Citharichthys sordidus,West Coast Annual,4584
Citharichthys sordidus,West Coast Triennial,3535
Citharichthys spilopterus,Gulf of Mexico,3089
Citharichthys spilopterus,Southeast US Fall,2681
Citharichthys spilopterus,Southeast US Summer,2807
Cladaster validus,Aleutian Islands,5474
Clinocardium spp.,Eastern Bering Sea,13071
Clinopegma magnum,Eastern Bering Sea,13071
Clupea harengus,Northeast US Fall,12884
Clupea harengus,Northeast US Spring,12479
Clupea harengus,Scotian Shelf,8737
Clupea pallasii,Eastern Bering Sea,13071
Clupea pallasii,Gulf of Alaska,10160
Clupea pallasii,West Coast Annual,4584
Clupea pallasii,West Coast Triennial,3535
Clypeaster,Gulf of Mexico,3089
Collodes robustus,Gulf of Mexico,3089
Colus halli,Eastern Bering Sea,13071
Colus herendeenii,Eastern Bering Sea,13071
Colus spp.,Eastern Bering Sea,13071
Conger oceanicus,Northeast US Fall,12884
Conger oceanicus,Northeast US Spring,12479
Conus,Gulf of Mexico,3089
Corallimorphus,West Coast Annual,4584
Coryphaenoides pectoralis,Aleutian Islands,5474
Coryphaenoides pectoralis,Gulf of Alaska,10160
Cottidae spp.,West Coast Triennial,3535
Crangon,West Coast Annual,4584
Crangon communis,Gulf of Alaska,10160
Crangon communis,West Coast Annual,4584
Crangon dalli,Eastern Bering Sea,13071
Crangon dalli,Gulf of Alaska,10160
Crangon spp.,Eastern Bering Sea,13071
Crangon spp.,Gulf of Alaska,10160
Crossaster borealis,Gulf of Alaska,10160
Crossaster borealis,West Coast Annual,4584
Crossaster papposus,Aleutian Islands,5474
Crossaster papposus,Eastern Bering Sea,13071
Crossaster papposus,Gulf of Alaska,10160
Crossaster papposus,West Coast Annual,4584
Crossaster spp.,Gulf of Alaska,10160
Crustacea shrimp,Northeast US Fall,12884
Crustacea shrimp,Northeast US Spring,12479
Cryptacanthodes giganteus,Gulf of Alaska,10160
Cryptacanthodes giganteus,West Coast Triennial,3535
Cryptacanthodes maculatus,Northeast US Fall,12884
Cryptacanthodes maculatus,Northeast US Spring,12479
Cryptonatica russa,Eastern Bering Sea,13071
Cryptotomus roseus,Gulf of Mexico,3089
Crystallichthys cyclospilus,Aleutian Islands,5474
Ctenodiscus crispatus,Aleutian Islands,5474
Ctenodiscus crispatus,Eastern Bering Sea,13071
Ctenodiscus crispatus,Gulf of Alaska,10160
Ctenodiscus crispatus,West Coast Annual,4584
Ctenophora,Gulf of Alaska,10160
Cucumaria fallax,Aleutian Islands,5474
Cucumaria fallax,Eastern Bering Sea,13071
Cucumaria fallax,Gulf of Alaska,10160
Cucumaria spp.,Eastern Bering Sea,13071
Cyanea capillata,Gulf of Alaska,10160
Cyclopsetta chittendeni,Gulf of Mexico,3089
Cyclopsetta fimbriata,Gulf of Mexico,3089
Cyclopterus lumpus,Northeast US Fall,12884
Cyclopterus lumpus,Northeast US Spring,12479
Cyclopterus lumpus,Scotian Shelf,8322
Cymatogaster aggregata,West Coast Annual,4584
Cynoscion nothus,Southeast US Fall,2681
Cynoscion nothus,Southeast US Spring,2562
Cynoscion nothus,Southeast US Summer,2807
Cynoscion regalis,Northeast US Fall,12884
Cynoscion regalis,Northeast US Spring,12479
Cynoscion regalis,Southeast US Fall,2681
Cynoscion regalis,Southeast US Spring,2562
Cynoscion regalis,Southeast US Summer,2807
Cynoscion spp.,Gulf of Mexico,3089
Dardanus fucosus,Gulf of Mexico,3089
Dardanus insignis,Gulf of Mexico,3089
Dasyatis americana,Southeast US Fall,2681
Dasyatis americana,Southeast US Spring,2562
Dasyatis americana,Southeast US Summer,2807
Dasyatis centroura,Northeast US Fall,12884
Dasyatis centroura,Southeast US Fall,2681
Dasyatis centroura,Southeast US Spring,2562
Dasyatis sabina,Southeast US Fall,2681
Dasyatis sabina,Southeast US Spring,2562
Dasyatis say,Northeast US Fall,12884
Dasyatis say,Southeast US Fall,2681
Dasyatis say,Southeast US Spring,2562
Dasyatis say,Southeast US Summer,2807
Dasycottus setiger,Aleutian Islands,5474
Dasycottus setiger,Eastern Bering Sea,13071
Dasycottus setiger,Gulf of Alaska,10160
Decapodiformes spp.,Aleutian Islands,5474
Decapodiformes spp.,Gulf of Alaska,10160
Decapodiformes spp.,West Coast Triennial,3535
Decapterus punctatus,Gulf of Mexico,3089
Decapterus punctatus,Northeast US Fall,12884
Decapterus punctatus,Southeast US Fall,2681
Decapterus punctatus,Southeast US Spring,2562
Decapterus punctatus,Southeast US Summer,2807
Decodon puellaris,Gulf of Mexico,3089
Dermasterias imbricata,West Coast Annual,4584
Diaphus theta,Aleutian Islands,5474
Diplectrum bivittatum,Gulf of Mexico,3089
Diplectrum formosum,Gulf of Mexico,3089
Diplectrum formosum,Southeast US Fall,2681
Diplectrum formosum,Southeast US Spring,2562
Diplectrum formosum,Southeast US Summer,2807
Diplopteraster multipes,Aleutian Islands,5474
Diplopteraster multipes,Eastern Bering Sea,13071
Diplopteraster multipes,Gulf of Alaska,10160
Diplopteraster multipes,West Coast Annual,4584
Dipsacaster borealis,Aleutian Islands,5474
Dipsacaster borealis,Gulf of Alaska,10160
Dipturus laevis,Northeast US Fall,12884
Dipturus laevis,Northeast US Spring,12479
Dipturus laevis,Scotian Shelf,8349
Distorsio clathrata,Gulf of Mexico,3089
Doryteuthis opalescens,West Coast Annual,4584
Dromidia antillensis,Gulf of Mexico,3089
Echeneis naucrates,Gulf of Mexico,3089
Echeneis naucrates,Southeast US Fall,2681
Echeneis naucrates,Southeast US Spring,2562
Echeneis naucrates,Southeast US Summer,2807
Echeneis neucratoides,Gulf of Mexico,3089
Echinacea spp.,Gulf of Alaska,10160
Echinacea spp.,West Coast Triennial,3535
Echinarachnius parma,Eastern Bering Sea,13071
Echinarachnius parma,Gulf of Alaska,10160
Echinaster,Gulf of Mexico,3089
Echiophis intertinctus,Gulf of Mexico,3089
Eleginus gracilis,Eastern Bering Sea,13071
Enchelyopus cimbrius,Northeast US Fall,12884
Enchelyopus cimbrius,Northeast US Spring,12479
Encope aberrans,Gulf of Mexico,3089
Encope michelini,Gulf of Mexico,3089
Engraulis mordax,West Coast Annual,4584
Engraulis mordax,West Coast Triennial,3535
Engyophrys senta,Gulf of Mexico,3089
Enteroctopus dofleini,Aleutian Islands,5474
Enteroctopus dofleini,Gulf of Alaska,10160
Enteroctopus dofleini,West Coast Annual,4584
Eopsetta jordani,Gulf of Alaska,10160
Eopsetta jordani,West Coast Annual,4584
Eopsetta jordani,West Coast Triennial,3535
Epinephelus morio,Gulf of Mexico,3089
Eptatretus stoutii,West Coast Annual,4584
Equetus iwamotoi,Gulf of Mexico,3089
Equetus lanceolatus,Gulf of Mexico,3089
Erimacrus isenbeckii,Aleutian Islands,5474
Erimacrus isenbeckii,Eastern Bering Sea,13071
Ethusa microphthalma,Gulf of Mexico,3089
Etropus crossotus,Gulf of Mexico,3089
Etropus crossotus,Southeast US Fall,2681
Etropus crossotus,Southeast US Spring,2562
Etropus crossotus,Southeast US Summer,2807
Etropus cyclosquamus,Gulf of Mexico,3089
Etropus cyclosquamus,Southeast US Fall,2681
Etropus cyclosquamus,Southeast US Spring,2562
Etropus cyclosquamus,Southeast US Summer,2807
Etropus rimosus,Gulf of Mexico,3089
Etrumeus teres,Gulf of Mexico,3089
Etrumeus teres,Northeast US Fall,12884
Etrumeus teres,Southeast US Spring,2562
Eucidaris tribuloides,Gulf of Mexico,3089
Eucinostomus gula,Gulf of Mexico,3089
Eucinostomus harengulus,Gulf of Mexico,3089
Eucinostomus spp.,Southeast US Fall,2681
Eucinostomus spp.,Southeast US Summer,2807
Eumicrotremus orbis,Aleutian Islands,5474
Eumicrotremus orbis,Gulf of Alaska,10160
Eunoe depressa,Eastern Bering Sea,13071
Eunoe nodosa,Eastern Bering Sea,13071
Eunoe sp.,Aleutian Islands,5474
Euphrosynoplax clausa,Gulf of Mexico,3089
Euspira lewisii,West Coast Annual,4584
Evasterias echinosoma,Eastern Bering Sea,13071
Evasterias echinosoma,Gulf of Alaska,10160
Farfantepenaeus aztecus,Southeast US Fall,2681
Farfantepenaeus aztecus,Southeast US Spring,2562
Farfantepenaeus aztecus,Southeast US Summer,2807
Ficus communis,Gulf of Mexico,3089
Flustra serrulata,Eastern Bering Sea,13071
Fusitriton oregonensis,Aleutian Islands,5474
Fusitriton oregonensis,Eastern Bering Sea,13071
Fusitriton oregonensis,Gulf of Alaska,10160
Fusitriton oregonensis,West Coast Annual,4584
Fusitriton oregonensis,West Coast Triennial,3535
Gadus chalcogrammus,Aleutian Islands,5474
Gadus chalcogrammus,Eastern Bering Sea,13071
Gadus chalcogrammus,Gulf of Alaska,10160
Gadus chalcogrammus,West Coast Annual,4584
Gadus chalcogrammus,West Coast Triennial,3535
Gadus macrocephalus,Aleutian Islands,5474
Gadus macrocephalus,Eastern Bering Sea,13071
Gadus macrocephalus,Gulf of Alaska,10160
Gadus macrocephalus,West Coast Annual,4584
Gadus macrocephalus,West Coast Triennial,3535
Gadus morhua,Northeast US Fall,12884
Gadus morhua,Northeast US Spring,12479
Gadus morhua,Scotian Shelf,9078
Galeorhinus galeus,West Coast Triennial,3535
Gastropoda spp.,Aleutian Islands,5474
Gastropoda spp.,Eastern Bering Sea,13071
Gastropoda spp.,Gulf of Alaska,10160
Gastropoda spp.,West Coast Triennial,3535
Gastropsetta frontalis,Gulf of Mexico,3089
Genyonemus lineatus,West Coast Annual,4584
Genyonemus lineatus,West Coast Triennial,3535
Gephyreaster swifti,Aleutian Islands,5474
Gephyreaster swifti,Gulf of Alaska,10160
Gersemia spp.,Eastern Bering Sea,13071
Geryon quinquedens,Northeast US Fall,12884
Geryon quinquedens,Northeast US Spring,12479
Gibbesia neglecta,Southeast US Fall,2681
Gibbesia neglecta,Southeast US Spring,2562
Gibbesia neglecta,Southeast US Summer,2807
Glebocarcinus oregonensis,Aleutian Islands,5474
Glebocarcinus oregonensis,Eastern Bering Sea,13071
Glebocarcinus oregonensis,Gulf of Alaska,10160
Glyptocephalus cynoglossus,Northeast US Fall,12884
Glyptocephalus cynoglossus,Northeast US Spring,12479
Glyptocephalus cynoglossus,Scotian Shelf,8830
Glyptocephalus zachirus,Aleutian Islands,5474
Glyptocephalus zachirus,Eastern Bering Sea,13071
Glyptocephalus zachirus,Gulf of Alaska,10160
Glyptocephalus zachirus,West Coast Annual,4584
Glyptocephalus zachirus,West Coast Triennial,3535
Gonatopsis borealis,Aleutian Islands,5474
Gonatopsis borealis,West Coast Annual,4584
Gonatus onyx,West Coast Annual,4584
Goniaster tesselatus,Gulf of Mexico,3089
Gonodactylus bredini,Gulf of Mexico,3089
Gorgonacea spp.,Aleutian Islands,5474
Gorgonacea spp.,West Coast Annual,4584
Gorgonocephalus eucnemis,Aleutian Islands,5474
Gorgonocephalus eucnemis,Eastern Bering Sea,13071
Gorgonocephalus eucnemis,Gulf of Alaska,10160
Gorgonocephalus eucnemis,West Coast Annual,4584
Gorgonocephalus eucnemis,West Coast Triennial,3535
Grandicrepidula grandis,Eastern Bering Sea,13071
Gymnachirus melas,Gulf of Mexico,3089
Gymnachirus texae,Gulf of Mexico,3089
Gymnocanthus galeatus,Aleutian Islands,5474
Gymnocanthus galeatus,Eastern Bering Sea,13071
Gymnocanthus galeatus,Gulf of Alaska,10160
Gymnocanthus pistilliger,Eastern Bering Sea,13071
Gymnothorax nigromarginatus,Gulf of Mexico,3089
Gymnothorax saxicola,Gulf of Mexico,3089
Gymnura altavela,Northeast US Fall,12884
Gymnura altavela,Southeast US Fall,2681
Gymnura altavela,Southeast US Spring,2562
Gymnura micrura,Southeast US Fall,2681
Gymnura micrura,Southeast US Spring,2562
Gymnura micrura,Southeast US Summer,2807
Haemulon aurolineatum,Gulf of Mexico,3089
Haemulon plumieri,Gulf of Mexico,3089
Halichondria panicea,Aleutian Islands,5474
Halichondria panicea,Gulf of Alaska,10160
Halieutichthys aculeatus,Gulf of Mexico,3089
Halipteris,West Coast Annual,4584
Halocynthia aurantium,Aleutian Islands,5474
Halocynthia aurantium,Eastern Bering Sea,13071
Halocynthia aurantium,Gulf of Alaska,10160
Halocynthia igaboja,West Coast Annual,4584
Halocynthia spp.,Eastern Bering Sea,13071
Harengula jaguana,Gulf of Mexico,3089
Harengula jaguana,Southeast US Fall,2681
Harengula jaguana,Southeast US Spring,2562
Helicolenus dactylopterus,Northeast US Fall,12884
Helicolenus dactylopterus,Northeast US Spring,12479
Helicolenus dactylopterus,Scotian Shelf,8312
Hemilepidotus hemilepidotus,Gulf of Alaska,10160
Hemilepidotus hemilepidotus,West Coast Annual,4584
Hemilepidotus jordani,Aleutian Islands,5474
Hemilepidotus jordani,Eastern Bering Sea,13071
Hemilepidotus jordani,Gulf of Alaska,10160
Hemilepidotus papilio,Eastern Bering Sea,13071
Hemilepidotus spinosus,West Coast Annual,4584
Hemilepidotus zapus,Aleutian Islands,5474
Hemipteronotus novacula,Gulf of Mexico,3089
Hemitripterus americanus,Northeast US Fall,12884
Hemitripterus americanus,Northeast US Spring,12479
Hemitripterus americanus,Scotian Shelf,8747
Hemitripterus bolini,Aleutian Islands,5474
Hemitripterus bolini,Eastern Bering Sea,13071
Hemitripterus bolini,Gulf of Alaska,10160
Henricia,West Coast Annual,4584
Henricia leviuscula,Gulf of Alaska,10160
Henricia spp.,Aleutian Islands,5474
Henricia spp.,Eastern Bering Sea,13071
Henricia spp.,Gulf of Alaska,10160
Hepatus epheliticus,Gulf of Mexico,3089
Hepatus epheliticus,Southeast US Fall,2681
Hepatus epheliticus,Southeast US Spring,2562
Hepatus epheliticus,Southeast US Summer,2807
Heterozonias alternatus,West Coast Annual,4584
Hexactinellida spp.,Gulf of Alaska,10160
Hexactinosida spp.,West Coast Annual,4584
Hexagrammos decagrammus,Aleutian Islands,5474
Hexagrammos decagrammus,Gulf of Alaska,10160
Hexagrammos decagrammus,West Coast Annual,4584
Hexagrammos decagrammus,West Coast Triennial,3535
Hexagrammos stelleri,Eastern Bering Sea,13071
Hexagrammos stelleri,Gulf of Alaska,10160
Hexanchus griseus,West Coast Triennial,3535
Hiatella arctica,Aleutian Islands,5474
Hippasteria californica,West Coast Annual,4584
Hippasteria phrygiana,Aleutian Islands,5474
Hippasteria phrygiana,Gulf of Alaska,10160
Hippasteria sp.,Aleutian Islands,5475
Hippasteria spinosa,West Coast Annual,4584
Hippocampus erectus,Gulf of Mexico,3089
Hippocampus erectus,Southeast US Fall,2681
Hippocampus erectus,Southeast US Summer,2807
Hippoglossoides elassodon,Aleutian Islands,5474
Hippoglossoides elassodon,Gulf of Alaska,10160
Hippoglossoides elassodon,West Coast Annual,4584
Hippoglossoides elassodon,West Coast Triennial,3535
Hippoglossoides platessoides,Northeast US Fall,12884
Hippoglossoides platessoides,Northeast US Spring,12479
Hippoglossoides platessoides,Scotian Shelf,9106
Hippoglossoides spp.,Eastern Bering Sea,13071
Hippoglossus hippoglossus,Northeast US Fall,12884
Hippoglossus hippoglossus,Northeast US Spring,12479
Hippoglossus hippoglossus,Scotian Shelf,8618
Hippoglossus stenolepis,Aleutian Islands,5474
Hippoglossus stenolepis,Eastern Bering Sea,13071
Hippoglossus stenolepis,Gulf of Alaska,10160
Hippoglossus stenolepis,West Coast Annual,4584
Hippoglossus stenolepis,West Coast Triennial,3535
Hirudinea,Aleutian Islands,5474
Holacanthus bermudensis,Gulf of Mexico,3089
Holocentrus bullisi,Gulf of Mexico,3089
Holothuroidea spp.,Aleutian Islands,5474
Holothuroidea spp.,Eastern Bering Sea,13071
Holothuroidea spp.,Gulf of Alaska,10160
Holothuroidea spp.,Gulf of Mexico,3089
Holothuroidea spp.,West Coast Triennial,3535
Homarus americanus,Northeast US Fall,12884
Homarus americanus,Northeast US Spring,12479
Homarus americanus,Scotian Shelf,8546
Hoplunnis diomediana,Gulf of Mexico,3089
Hoplunnis macrura,Gulf of Mexico,3089
Hormathiidae spp.,West Coast Annual,4584
Hyas coarctatus,Eastern Bering Sea,13071
Hyas lyratus,Aleutian Islands,5474
Hyas lyratus,Eastern Bering Sea,13071
Hyas lyratus,Gulf of Alaska,10160
Hydroidolina,Aleutian Islands,5474
Hydroidolina,Eastern Bering Sea,13071
Hydroidolina,Gulf of Alaska,10160
Hydrolagus colliei,Gulf of Alaska,10160
Hydrolagus colliei,West Coast Annual,4584
Hydrolagus colliei,West Coast Triennial,3535
Hypleurochilus geminatus,Southeast US Summer,2807
Hypsagonus quadricornis,Aleutian Islands,5474
Icelinus filamentosus,West Coast Annual,4584
Icelinus filamentosus,West Coast Triennial,3535
Icelus spiniger,Aleutian Islands,5474
Icelus spiniger,Eastern Bering Sea,13071
Icelus spiniger,Gulf of Alaska,10160
Iliacantha subglobosa,Gulf of Mexico,3089
Illex illecebrosus,Northeast US Fall,12884
Illex illecebrosus,Northeast US Spring,12479
Illex illecebrosus,Scotian Shelf,8861
Invertebrata spp.,West Coast Annual,4584
Isopoda spp.,Aleutian Islands,5474
Isopoda spp.,Gulf of Alaska,10160
Isopoda spp.,West Coast Annual,4584
Isopsetta isolepis,Aleutian Islands,5474
Isopsetta isolepis,Eastern Bering Sea,13071
Isopsetta isolepis,Gulf of Alaska,10160
Isopsetta isolepis,West Coast Annual,4584
Isopsetta isolepis,West Coast Triennial,3535
Isostichopus badionotus,Gulf of Mexico,3089
Kathetostoma albigutta,Gulf of Mexico,3089
Labidochirus splendescens,Gulf of Alaska,10160
Lachnolaimus maximus,Gulf of Mexico,3089
Lagocephalus laevigatus,Gulf of Mexico,3089
Lagocephalus laevigatus,Southeast US Summer,2807
Lagodon rhomboides,Gulf of Mexico,3089
Lagodon rhomboides,Southeast US Fall,2681
Lagodon rhomboides,Southeast US Spring,2562
Lagodon rhomboides,Southeast US Summer,2807
Lamna ditropis,Gulf of Alaska,10160
Laqueus californianus,Gulf of Alaska,10160
Larimus fasciatus,Gulf of Mexico,3089
Larimus fasciatus,Southeast US Fall,2681
Larimus fasciatus,Southeast US Spring,2562
Larimus fasciatus,Southeast US Summer,2807
Lebbeus groenlandicus,Aleutian Islands,5474
Leiolambrus nitidus,Gulf of Mexico,3089
Leiostomus xanthurus,Gulf of Mexico,3089
Leiostomus xanthurus,Northeast US Fall,12884
Leiostomus xanthurus,Southeast US Fall,2681
Leiostomus xanthurus,Southeast US Spring,2562
Leiostomus xanthurus,Southeast US Summer,2807
Lepidopsetta spp.,Aleutian Islands,5474
Lepidopsetta spp.,Eastern Bering Sea,13071
Lepidopsetta spp.,Gulf of Alaska,10160
Lepidopsetta spp.,West Coast Annual,4584
Lepidopsetta spp.,West Coast Triennial,3535
Lepophidium brevibarbe,Gulf of Mexico,3089
Lepophidium jeannae,Gulf of Mexico,3089
Lepophidium profundorum,Northeast US Fall,12884
Lepophidium profundorum,Northeast US Spring,12479
Leptasterias arctica,Eastern Bering Sea,13071
Leptasterias polaris,Eastern Bering Sea,13071
Leptasterias spp.,Aleutian Islands,5474
Leptasterias spp.,Eastern Bering Sea,13071
Leptoclinus maculatus,Eastern Bering Sea,13071
Leptocottus armatus,West Coast Annual,4584
Leptocottus armatus,West Coast Triennial,3535
Leptychaster arcticus,Aleutian Islands,5474
Lethasterias nanimensis,Aleutian Islands,5474
Lethasterias nanimensis,Eastern Bering Sea,13071
Lethasterias nanimensis,Gulf of Alaska,10160
Lethotremus muticus,Aleutian Islands,5474
Leucoraja erinacea,Northeast US Fall,12884
Leucoraja erinacea,Northeast US Spring,12479
Leucoraja erinacea,Scotian Shelf,8412
Leucoraja garmani,Northeast US Fall,12884
Leucoraja garmani,Northeast US Spring,12479
Leucoraja ocellata,Northeast US Fall,12884
Leucoraja ocellata,Northeast US Spring,12479
Leucoraja ocellata,Scotian Shelf,8524
Leuroglossus schmidti,Aleutian Islands,5474
Leuroglossus schmidti,Gulf of Alaska,10160
Libinia emarginata,Gulf of Mexico,3089
Libinia spp.,Southeast US Fall,2681
Libinia spp.,Southeast US Spring,2562
Libinia spp.,Southeast US Summer,2807
Limanda aspera,Aleutian Islands,5474
Limanda aspera,Eastern Bering Sea,13071
Limanda aspera,Gulf of Alaska,10160
Limanda ferruginea,Scotian Shelf,8932
Limanda proboscidea,Eastern Bering Sea,13071
Limanda sakhalinensis,Eastern Bering Sea,13071
Limulus polyphemus,Northeast US Fall,12884
Limulus polyphemus,Northeast US Spring,12479
Limulus polyphemus,Southeast US Fall,2681
Limulus polyphemus,Southeast US Spring,2562
Liparidae spp.,Aleutian Islands,5474
Liparidae spp.,Gulf of Alaska,10160
Liparis spp.,Eastern Bering Sea,13071
Liponema brevicornis,West Coast Annual,4584
Lithodes aequispinus,Aleutian Islands,5474
Lithodes aequispinus,Gulf of Alaska,10160
Lithodes maja,Northeast US Fall,12884
Lithodes maja,Northeast US Spring,12479
Litopenaeus setiferus,Gulf of Mexico,3089
Litopenaeus setiferus,Southeast US Fall,2681
Litopenaeus setiferus,Southeast US Spring,2562
Litopenaeus setiferus,Southeast US Summer,2807
Lobopilumnus agassizii,Gulf of Mexico,3089
Loligo opalescens,West Coast Triennial,3535
Loligo pealeii,Gulf of Mexico,3089
Loligo pealeii,Northeast US Fall,12884
Loligo pealeii,Northeast US Spring,12479
Loligo pleii,Gulf of Mexico,3089
Loligo spp.,Gulf of Mexico,3089
Loligo spp.,Southeast US Fall,2681
Loligo spp.,Southeast US Spring,2562
Loligo spp.,Southeast US Summer,2807
Lolliguncula brevis,Gulf of Mexico,3089
Lolliguncula brevis,Southeast US Fall,2681
Lolliguncula brevis,Southeast US Spring,2562
Lolliguncula brevis,Southeast US Summer,2807
Lophius americanus,Northeast US Fall,12884
Lophius americanus,Northeast US Spring,12479
Lophius americanus,Scotian Shelf,8563
Lopholithodes foraminatus,Gulf of Alaska,10160
Lopholithodes foraminatus,West Coast Annual,4584
Lopholithodes foraminatus,West Coast Triennial,3535
Luidia,Gulf of Mexico,3089
Luidia alternata,Gulf of Mexico,3089
Luidia clathrata,Gulf of Mexico,3089
Luidia foliolata,Gulf of Alaska,10160
Luidia foliolata,West Coast Annual,4584
Lumpenella longirostris,Gulf of Alaska,10160
Lumpenus sagitta,Gulf of Alaska,10160
Lunatia pallida,Eastern Bering Sea,13071
Lutjanus campechanus,Gulf of Mexico,3089
Lutjanus griseus,Gulf of Mexico,3089
Lutjanus synagris,Gulf of Mexico,3089
Lutjanus synagris,Southeast US Fall,2681
Lycodes beringi,Aleutian Islands,5474
Lycodes beringi,Gulf of Alaska,10160
Lycodes brevipes,Aleutian Islands,5474
Lycodes brevipes,Eastern Bering Sea,13071
Lycodes brevipes,Gulf of Alaska,10160
Lycodes concolor,Aleutian Islands,5474
Lycodes cortezianus,West Coast Annual,4584
Lycodes cortezianus,West Coast Triennial,3535
Lycodes diapterus,West Coast Annual,4584
Lycodes diapterus,West Coast Triennial,3535
Lycodes pacificus,Gulf of Alaska,10160
Lycodes pacificus,West Coast Annual,4584
Lycodes pacificus,West Coast Triennial,3535
Lycodes palearis,Aleutian Islands,5474
Lycodes palearis,Eastern Bering Sea,13071
Lycodes palearis,Gulf of Alaska,10160
Lycodes raridens,Eastern Bering Sea,13071
Lycodes vahlii,Scotian Shelf,8337
Lyopsetta exilis,Gulf of Alaska,10160
Lyopsetta exilis,West Coast Annual,4584
Lyopsetta exilis,West Coast Triennial,3535
Lytechinus variegatus,Gulf of Mexico,3089
Macoma brevifrons,Gulf of Mexico,3089
Macoma spp.,Eastern Bering Sea,13071
Macrocoeloma trispinosum,Gulf of Mexico,3089
Macrouridae,Northeast US Fall,12884
Macrouridae,Northeast US Spring,12479
Mactromeris polynyma,Eastern Bering Sea,13071
Malacocottus zonurus,Aleutian Islands,5474
Malacocottus zonurus,Eastern Bering Sea,13071
Malacocottus zonurus,Gulf of Alaska,10160
Malacoraja senta,Northeast US Fall,12884
Malacoraja senta,Northeast US Spring,12479
Malacoraja senta,Scotian Shelf,8489
Mallotus villosus,Aleutian Islands,5474
Mallotus villosus,Eastern Bering Sea,13071
Mallotus villosus,Gulf of Alaska,10160
Mediaster,West Coast Annual,4584
Mediaster aequalis,Gulf of Alaska,10160
Mediaster aequalis,West Coast Annual,4584
Melanogrammus aeglefinus,Northeast US Fall,12884
Melanogrammus aeglefinus,Northeast US Spring,12479
Melanogrammus aeglefinus,Scotian Shelf,9066
Menidia menidia,Northeast US Spring,12479
Menippe mercenaria,Southeast US Fall,2681
Menippe mercenaria,Southeast US Spring,2562
Menippe mercenaria,Southeast US Summer,2807
Menticirrhus americanus,Gulf of Mexico,3089
Menticirrhus americanus,Southeast US Fall,2681
Menticirrhus americanus,Southeast US Spring,2562
Menticirrhus americanus,Southeast US Summer,2807
Menticirrhus littoralis,Southeast US Fall,2681
Menticirrhus littoralis,Southeast US Spring,2562
Menticirrhus littoralis,Southeast US Summer,2807
Menticirrhus saxatilis,Northeast US Fall,12884
Menticirrhus saxatilis,Southeast US Fall,2681
Menticirrhus saxatilis,Southeast US Summer,2807
Merluccius albidus,Northeast US Fall,12884
Merluccius albidus,Northeast US Spring,12479
Merluccius bilinearis,Northeast US Fall,12884
Merluccius bilinearis,Northeast US Spring,12479
Merluccius bilinearis,Scotian Shelf,8876
Merluccius productus,Gulf of Alaska,10160
Merluccius productus,West Coast Annual,4584
Merluccius productus,West Coast Triennial,3535
Mesopenaeus tropicalis,Gulf of Mexico,3089
Metacarcinus magister,Gulf of Alaska,10160
Metacarcinus magister,West Coast Annual,4584
Metacarcinus magister,West Coast Triennial,3535
Metapenaeopsis goodei,Gulf of Mexico,3089
Metoporhaphis calcarata,Gulf of Mexico,3089
Metridium farcimen,West Coast Annual,4584
Metridium spp.,Eastern Bering Sea,13071
Metridium spp.,Gulf of Alaska,10160
Microgadus proximus,Gulf of Alaska,10160
Microgadus proximus,West Coast Annual,4584
Microgadus proximus,West Coast Triennial,3535
Micropogonias undulatus,Gulf of Mexico,3089
Micropogonias undulatus,Northeast US Fall,12884
Micropogonias undulatus,Southeast US Fall,2681
Micropogonias undulatus,Southeast US Spring,2562
Micropogonias undulatus,Southeast US Summer,2807
Microstomus pacificus,Aleutian Islands,5474
Microstomus pacificus,Eastern Bering Sea,13071
Microstomus pacificus,Gulf of Alaska,10160
Microstomus pacificus,West Coast Annual,4584
Microstomus pacificus,West Coast Triennial,3535
Mithrax hispidus,Gulf of Mexico,3089
Mithrax pleuracanthus,Gulf of Mexico,3089
Mobula hypostoma,Southeast US Fall,2681
Modiolus modiolus,Aleutian Islands,5474
Modiolus modiolus,Eastern Bering Sea,13071
Modiolus modiolus,Gulf of Alaska,10160
Molgula griffithsii,Gulf of Alaska,10160
Molpadia intermedia,Gulf of Alaska,10160
Molpadia intermedia,West Coast Annual,4584
Monacanthus ciliatus,Gulf of Mexico,3089
Moroteuthis robusta,West Coast Triennial,3535
Mullus auratus,Gulf of Mexico,3089
Munida forceps,Gulf of Mexico,3089
Munida pusilla,Gulf of Mexico,3089
Munida quadrispina,Gulf of Alaska,10160
Muricanthus fulvescens,Gulf of Mexico,3089
Musculus discors,Eastern Bering Sea,13071
Mustelus canis,Gulf of Mexico,3089
Mustelus canis,Northeast US Fall,12884
Mustelus canis,Northeast US Spring,12479
Mustelus canis,Southeast US Spring,2562
Mycale loveni,Aleutian Islands,5474
Mycale loveni,Gulf of Alaska,10160
Mycteroperca microlepis,Gulf of Mexico,3089
Mycteroperca phenax,Gulf of Mexico,3089
Myctophidae spp.,Aleutian Islands,5474
Myctophidae spp.,Gulf of Alaska,10160
Myctophidae spp.,Northeast US Fall,12884
Myctophidae spp.,Northeast US Spring,12479
Myctophidae spp.,West Coast Annual,4584
Myctophidae spp.,West Coast Triennial,3535
Myliobatis freminvillei,Northeast US Fall,12884
Myliobatis freminvillei,Southeast US Fall,2681
Myliobatis freminvillei,Southeast US Spring,2562
Myliobatis freminvillei,Southeast US Summer,2807
Myoxocephalus octodecemspinosus,Northeast US Fall,12884
Myoxocephalus octodecemspinosus,Northeast US Spring,12479
Myoxocephalus octodecemspinosus,Scotian Shelf,8877
Myoxocephalus spp.,Aleutian Islands,5474
Myoxocephalus spp.,Eastern Bering Sea,13071
Myoxocephalus spp.,Gulf of Alaska,10160
Myropsis quinquespinosa,Gulf of Mexico,3089
Myxine glutinosa,Northeast US Fall,12884
Myxine glutinosa,Northeast US Spring,12479
Myxine glutinosa,Scotian Shelf,8359
Myxinidae spp.,West Coast Annual,4584
Myxoderma platyacanthum,West Coast Annual,4584
Narcine brasiliensis,Gulf of Mexico,3089
Narcissia trigonaria,Gulf of Mexico,3089
Nautichthys oculofasciatus,Aleutian Islands,5474
Neobythites gilli,Gulf of Mexico,3089
Neomerinthe hemingwayi,Gulf of Mexico,3089
Neptunea,West Coast Annual,4584
Neptunea amianta,Gulf of Alaska,10160
Neptunea amianta,West Coast Annual,4584
Neptunea borealis,Eastern Bering Sea,13071
Neptunea heros,Eastern Bering Sea,13071
Neptunea lyrata,Eastern Bering Sea,13071
Neptunea lyrata,Gulf of Alaska,10160
Neptunea pribiloffensis,Eastern Bering Sea,13071
Neptunea pribiloffensis,Gulf of Alaska,10160
Neptunea spp.,Aleutian Islands,5474
Neptunea spp.,Eastern Bering Sea,13071
Neptunea spp.,Gulf of Alaska,10160
Neptunea ventricosa,Eastern Bering Sea,13071
Nezumia bairdii,Scotian Shelf,8294
Nicholsina usta,Gulf of Mexico,3089
Notostomum cyclostomum,Aleutian Islands,5474
Notostomum cyclostomum,Gulf of Alaska,10160
Nudibranchia spp.,Aleutian Islands,5474
Nudibranchia spp.,Eastern Bering Sea,13071
Nudibranchia spp.,Gulf of Alaska,10160
Nudibranchia spp.,West Coast Annual,4584
Nudibranchia spp.,West Coast Triennial,3535
Occella dodecaedron,Eastern Bering Sea,13071
Octopodidae spp.,Aleutian Islands,5474
Octopodidae spp.,Eastern Bering Sea,13071
Octopodidae spp.,Gulf of Alaska,10160
Octopodidae spp.,West Coast Triennial,3535
Octopus rubescens,West Coast Annual,4584
Octopus vulgaris,Gulf of Mexico,3089
Octopus vulgaris,Southeast US Fall,2681
Octopus vulgaris,Southeast US Summer,2807
Ogcocephalus corniger,Gulf of Mexico,3089
Ogcocephalus declivirostris,Gulf of Mexico,3089
Ogcocephalus pantostictus,Gulf of Mexico,3089
Ogcocephalus parvus,Gulf of Mexico,3089
Oncorhynchus gorbuscha,Gulf of Alaska,10160
Oncorhynchus keta,Aleutian Islands,5474
Oncorhynchus keta,Eastern Bering Sea,13071
Oncorhynchus keta,Gulf of Alaska,10160
Oncorhynchus kisutch,Gulf of Alaska,10160
Oncorhynchus kisutch,West Coast Triennial,3535
Oncorhynchus tshawytscha,Gulf of Alaska,10160
Oncorhynchus tshawytscha,West Coast Triennial,3535
Ophichthus gomesii,Gulf of Mexico,3089
Ophichthus puncticeps,Gulf of Mexico,3089
Ophidion beani,Gulf of Mexico,3089
Ophidion grayi,Gulf of Mexico,3089
Ophidion holbrookii,Gulf of Mexico,3089
Ophidion selenops,Gulf of Mexico,3089
Ophidion welshi,Gulf of Mexico,3089
Ophioderma brevispinum,Gulf of Mexico,3089
Ophiodon elongatus,Gulf of Alaska,10160
Ophiodon elongatus,West Coast Annual,4584
Ophiodon elongatus,West Coast Triennial,3535
Ophiolepis elegans,Gulf of Mexico,3089
Ophiopholis,West Coast Annual,4584
Ophiopholis aculeata,Aleutian Islands,5474
Ophiopholis aculeata,Gulf of Alaska,10160
Ophiothrix,Gulf of Mexico,3089
Ophiothrix angulata,Gulf of Mexico,3089
Ophiura sarsi,West Coast Annual,4584
Ophiura sarsii,Aleutian Islands,5474
Ophiura sarsii,Eastern Bering Sea,13071
Ophiura sarsii,Gulf of Alaska,10160
Ophiurida,West Coast Annual,4584
Ophiuroidea spp.,Aleutian Islands,5474
Ophiuroidea spp.,Eastern Bering Sea,13071
Ophiuroidea spp.,Gulf of Alaska,10160
Opisthonema oglinum,Gulf of Mexico,3089
Opisthonema oglinum,Southeast US Fall,2681
Opisthonema oglinum,Southeast US Spring,2562
Opisthonema oglinum,Southeast US Summer,2807
Opisthoteuthis californiana,Aleutian Islands,5474
Opsanus,Gulf of Mexico,3089
Oreaster reticulatus,Gulf of Mexico,3089
Oregonia gracilis,Aleutian Islands,5474
Oregonia gracilis,Eastern Bering Sea,13071
Oregonia gracilis,Gulf of Alaska,10160
Orthasterias koehleri,Gulf of Alaska,10160
Orthasterias koehleri,West Coast Annual,4584
Orthopristis chrysoptera,Gulf of Mexico,3089
Orthopristis chrysoptera,Southeast US Fall,2681
Orthopristis chrysoptera,Southeast US Spring,2562
Orthopristis chrysoptera,Southeast US Summer,2807
Osmeridae spp.,Gulf of Alaska,10160
Osmerus mordax,Eastern Bering Sea,13071
Otophidium omostigma,Gulf of Mexico,3089
Ovalipes floridanus,Gulf of Mexico,3089
Ovalipes ocellatus,Northeast US Fall,12884
Ovalipes ocellatus,Southeast US Fall,2681
Ovalipes ocellatus,Southeast US Spring,2562
Ovalipes ocellatus,Southeast US Summer,2807
Ovalipes stephensoni,Northeast US Fall,12884
Ovalipes stephensoni,Southeast US Fall,2681
Ovalipes stephensoni,Southeast US Spring,2562
Ovalipes stephensoni,Southeast US Summer,2807
Pagrus pagrus,Gulf of Mexico,3089
Paguridae spp.,Eastern Bering Sea,13071
Paguridae spp.,Gulf of Alaska,10160
Paguridae spp.,West Coast Annual,4584
Paguridae spp.,West Coast Triennial,3535
Paguristes sericeus,Gulf of Mexico,3089
Paguristes turgidus,West Coast Annual,4584
Pagurus aleuticus,Aleutian Islands,5474
Pagurus aleuticus,Eastern Bering Sea,13071
Pagurus aleuticus,Gulf of Alaska,10160
Pagurus brandti,Aleutian Islands,5474
Pagurus brandti,Gulf of Alaska,10160
Pagurus bullisi,Gulf of Mexico,3089
Pagurus capillatus,Gulf of Alaska,10160
Pagurus confragosus,Gulf of Alaska,10160
Pagurus longicarpus,Southeast US Spring,2562
Pagurus ochotensis,Eastern Bering Sea,13071
Pagurus ochotensis,Gulf of Alaska,10160
Pagurus pollicaris,Southeast US Fall,2681
Pagurus pollicaris,Southeast US Spring,2562
Pagurus pollicaris,Southeast US Summer,2807
Pagurus spp.,Gulf of Alaska,10160
Palicus alternatus,Gulf of Mexico,3089
Pandalopsis dispar,Aleutian Islands,5474
Pandalopsis dispar,Gulf of Alaska,10160
Pandalopsis dispar,West Coast Annual,4584
Pandalopsis dispar,West Coast Triennial,3535
Pandalus borealis,Northeast US Fall,12884
Pandalus eous,Aleutian Islands,5474
Pandalus eous,Eastern Bering Sea,13071
Pandalus eous,Gulf of Alaska,10160
Pandalus goniurus,Eastern Bering Sea,13071
Pandalus hypsinotus,Gulf of Alaska,10160
Pandalus jordani,Gulf of Alaska,10160
Pandalus jordani,West Coast Annual,4584
Pandalus jordani,West Coast Triennial,3535
Pandalus platyceros,Gulf of Alaska,10160
Pandalus platyceros,West Coast Annual,4584
Pandalus platyceros,West Coast Triennial,3535
Pandalus spp.,Gulf of Alaska,10160
Pandalus tridens,Aleutian Islands,5474
Pandalus tridens,Gulf of Alaska,10160
Parablennius marmoreus,Gulf of Mexico,3089
Paraconger caudilimbatus,Gulf of Mexico,3089
Paractinostola faeculenta,West Coast Annual,4584
Paragorgia arborea,Aleutian Islands,5474
Paralichthys albigutta,Gulf of Mexico,3089
Paralichthys albigutta,Southeast US Fall,2681
Paralichthys albigutta,Southeast US Spring,2562
Paralichthys albigutta,Southeast US Summer,2807
Paralichthys dentatus,Northeast US Fall,12884
Paralichthys dentatus,Northeast US Spring,12479
Paralichthys dentatus,Southeast US Fall,2681
Paralichthys dentatus,Southeast US Spring,2562
Paralichthys dentatus,Southeast US Summer,2807
Paralichthys lethostigma,Gulf of Mexico,3089
Paralichthys lethostigma,Southeast US Fall,2681
Paralichthys lethostigma,Southeast US Spring,2562
Paralichthys lethostigma,Southeast US Summer,2807
Paralichthys oblongus,Northeast US Fall,12884
Paralichthys oblongus,Northeast US Spring,12479
Paralichthys squamilentus,Gulf of Mexico,3089
Paralichthys squamilentus,Southeast US Summer,2807
Paralithodes camtschaticus,Aleutian Islands,5474
Paralithodes camtschaticus,Eastern Bering Sea,13071
Paralithodes camtschaticus,Gulf of Alaska,10160
Paralithodes platypus,Eastern Bering Sea,13071
Parapenaeus politus,Gulf of Mexico,3089
Parastichopus californicus,West Coast Annual,4584
Parastichopus californicus,West Coast Triennial,3535
Parastichopus leukothele,West Coast Annual,4584
Pareques umbrosus,Gulf of Mexico,3089
Parophrys vetulus,Aleutian Islands,5474
Parophrys vetulus,Gulf of Alaska,10160
Parophrys vetulus,West Coast Annual,4584
Parophrys vetulus,West Coast Triennial,3535
Parthenope agonus,Gulf of Mexico,3089
Parthenope granulata,Gulf of Mexico,3089
Pasiphaea pacifica,Gulf of Alaska,10160
Pasiphaea pacifica,West Coast Annual,4584
Patinopecten caurinus,Eastern Bering Sea,13071
Patinopecten caurinus,Gulf of Alaska,10160
Patinopecten caurinus,West Coast Annual,4584
Pecten ravenelli,Gulf of Mexico,3089
Penaeus aztecus,Gulf of Mexico,3089
Penaeus duorarum,Gulf of Mexico,3089
Pennatulacea spp.,Eastern Bering Sea,13071
Pennatulacea spp.,Gulf of Alaska,10160
Pennatulacea spp.,West Coast Annual,4584
Pennatulacea spp.,West Coast Triennial,3535
Pentrochirus diogenes,Gulf of Mexico,3089
Peprilus burti,Gulf of Mexico,3089
Peprilus paru,Gulf of Mexico,3089
Peprilus paru,Southeast US Fall,2681
Peprilus paru,Southeast US Spring,2562
Peprilus paru,Southeast US Summer,2807
Peprilus simillimus,West Coast Annual,4584
Peprilus tracanthus,Northeast US Fall,12884
Peprilus tracanthus,Northeast US Spring,12479
Peprilus tracanthus,Southeast US Fall,2681
Peprilus tracanthus,Southeast US Spring,2562
Peprilus tracanthus,Southeast US Summer,2807
Peprilus triacanthus,Northeast US Fall,12884
Peprilus triacanthus,Northeast US Spring,12479
Peprilus triacanthus,Southeast US Fall,2681
Peprilus triacanthus,Southeast US Spring,2562
Peprilus triacanthus,Southeast US Summer,2807
Peristedion gracile,Gulf of Mexico,3089
Peristedion miniatum,Northeast US Fall,12884
Peristedion miniatum,Northeast US Spring,12479
Persephona crinita,Gulf of Mexico,3089
Persephona mediterranea,Gulf of Mexico,3089
Persephona mediterranea,Southeast US Fall,2681
Persephona mediterranea,Southeast US Spring,2562
Persephona mediterranea,Southeast US Summer,2807
Petromyzon marinus,Northeast US Spring,12479
Phacellophora,West Coast Annual,4584
Phycis chesteri,Northeast US Fall,12884
Phycis chesteri,Northeast US Spring,12479
Phycis chesteri,Scotian Shelf,8302
Pilumnus sayi,Gulf of Mexico,3089
Pilumnus sayi,Southeast US Fall,2681
Pilumnus sayi,Southeast US Spring,2562
Pisaster brevispinus,West Coast Annual,4584
Pitar cordatus,Gulf of Mexico,3089
Placetron wosnessenskii,Aleutian Islands,5474
Placetron wosnessenskii,Gulf of Alaska,10160
Placopecten magellanicus,Northeast US Fall,12885
Placopecten magellanicus,Northeast US Spring,12479
Platichthys stellatus,Aleutian Islands,5474
Platichthys stellatus,Eastern Bering Sea,13077
Platichthys stellatus,Gulf of Alaska,10166
Platichthys stellatus,West Coast Annual,4584
Platichthys stellatus,West Coast Triennial,3535
Platymera gaudichaudii,West Coast Annual,4584
Plesionika longicauda,Gulf of Mexico,3089
Pleurobranchaea californica,West Coast Annual,4584
Pleurogrammus monopterygius,Aleutian Islands,5474
Pleurogrammus monopterygius,Eastern Bering Sea,13071
Pleurogrammus monopterygius,Gulf of Alaska,10160
Pleuronectes quadrituberculatus,Eastern Bering Sea,13071
Pleuronectes quadrituberculatus,Gulf of Alaska,10160
Pleuronichthys decurrens,West Coast Annual,4584
Pleuronichthys decurrens,West Coast Triennial,3535
Pleuronichthys verticalis,West Coast Annual,4584
Plicifusus kroeyeri,Eastern Bering Sea,13071
Plicifusus sp.,Eastern Bering Sea,13071
Podochela sidneyi,Gulf of Mexico,3089
Pododesmus macrochisma,Aleutian Islands,5474
Pododesmus macrochisma,Eastern Bering Sea,13071
Pododesmus macrochisma,Gulf of Alaska,10160
Podothecus accipenserinus,Aleutian Islands,5474
Podothecus accipenserinus,Eastern Bering Sea,13071
Podothecus accipenserinus,Gulf of Alaska,10160
Pogonias cromis,Southeast US Fall,2681
Pollachius virens,Northeast US Fall,12884
Pollachius virens,Northeast US Spring,12479
Pollachius virens,Scotian Shelf,8658
Polychaeta spp.,Aleutian Islands,5474
Polychaeta spp.,Eastern Bering Sea,13071
Polychaeta spp.,Gulf of Alaska,10160
Polynoidae spp.,Aleutian Islands,5474
Polyplacophora spp.,Gulf of Alaska,10160
Polystira albida,Gulf of Mexico,3089
Pomacanthus arcuatus,Gulf of Mexico,3089
Pomacentrus variabilis,Gulf of Mexico,3089
Pomatomus saltatrix,Gulf of Mexico,3089
Pomatomus saltatrix,Northeast US Fall,12884
Pomatomus saltatrix,Northeast US Spring,12479
Pomatomus saltatrix,Southeast US Fall,2681
Pomatomus saltatrix,Southeast US Spring,2562
Pomatomus saltatrix,Southeast US Summer,2807
Pontinus longispinis,Gulf of Mexico,3089
Poraniopsis inflata,Gulf of Alaska,10160
Poraniopsis inflata,West Coast Annual,4584
Porcellana sayana,Gulf of Mexico,3089
Porcellana sigsbeiana,Gulf of Mexico,3089
Porella compressa,Aleutian Islands,5474
Porichthys notatus,West Coast Annual,4584
Porichthys notatus,West Coast Triennial,3535
Porichthys plectrodon,Gulf of Mexico,3089
Porifera spp.,Aleutian Islands,5474
Porifera spp.,Eastern Bering Sea,13071
Porifera spp.,Gulf of Alaska,10160
Porifera spp.,West Coast Annual,4584
Porifera spp.,West Coast Triennial,3535
Poriferball,Gulf of Mexico,3089
Poriferbarrel,Gulf of Mexico,3089
Poriferencoth,Gulf of Mexico,3089
Poriferfinbra,Gulf of Mexico,3089
Porifervastub,Gulf of Mexico,3089
Poroclinus rothrocki,Eastern Bering Sea,13071
Poroclinus rothrocki,Gulf of Alaska,10160
Poromitra curilensis,Aleutian Islands,5474
Portunus gibbesii,Gulf of Mexico,3089
Portunus gibbesii,Southeast US Fall,2681
Portunus gibbesii,Southeast US Spring,2562
Portunus gibbesii,Southeast US Summer,2807
Portunus ordwayii,Gulf of Mexico,3089
Portunus sayi,Gulf of Mexico,3089
Priacanthus arenatus,Gulf of Mexico,3089
Prionotus alatus,Gulf of Mexico,3089
Prionotus carolinus,Northeast US Fall,12884
Prionotus carolinus,Northeast US Spring,12479
Prionotus carolinus,Southeast US Fall,2681
Prionotus carolinus,Southeast US Spring,2562
Prionotus carolinus,Southeast US Summer,2807
Prionotus evolans,Northeast US Fall,12884
Prionotus evolans,Northeast US Spring,12479
Prionotus evolans,Southeast US Fall,2681
Prionotus evolans,Southeast US Spring,2562
Prionotus evolans,Southeast US Summer,2807
Prionotus longispinosus,Gulf of Mexico,3089
Prionotus martis,Gulf of Mexico,3089
Prionotus ophryas,Gulf of Mexico,3089
Prionotus paralatus,Gulf of Mexico,3089
Prionotus roseus,Gulf of Mexico,3089
Prionotus rubio,Gulf of Mexico,3089
Prionotus rubio,Southeast US Fall,2681
Prionotus rubio,Southeast US Spring,2562
Prionotus rubio,Southeast US Summer,2807
Prionotus scitulus,Gulf of Mexico,3089
Prionotus scitulus,Southeast US Fall,2681
Prionotus scitulus,Southeast US Spring,2562
Prionotus scitulus,Southeast US Summer,2807
Prionotus stearnsi,Gulf of Mexico,3089
Prionotus tribulus,Gulf of Mexico,3089
Prionotus tribulus,Southeast US Fall,2681
Prionotus tribulus,Southeast US Spring,2562
Prionotus tribulus,Southeast US Summer,2807
Pristigenys alta,Gulf of Mexico,3089
Pristipomoides aquilonaris,Gulf of Mexico,3089
Protomyctophum thompsoni,Aleutian Islands,5474
Psettichthys melanostictus,Gulf of Alaska,10160
Psettichthys melanostictus,West Coast Annual,4584
Psettichthys melanostictus,West Coast Triennial,3535
Pseudarchaster,West Coast Annual,4584
Pseudarchaster alascensis,West Coast Annual,4584
Pseudarchaster parelii,Aleutian Islands,5474
Pseudarchaster parelii,Eastern Bering Sea,13071
Pseudarchaster parelii,Gulf of Alaska,10160
Pseudomedaeus agassizii,Gulf of Mexico,3089
Pseudopleuronectes americanus,Scotian Shelf,8606
Pseudorhombila quadridentata,Gulf of Mexico,3089
Pseudostichopus mollis,West Coast Annual,4584
Pseudupeneus maculatus,Gulf of Mexico,3089
Psolus spp.,Aleutian Islands,5474
Psolus spp.,Eastern Bering Sea,13071
Psolus spp.,Gulf of Alaska,10160
Pteraster,West Coast Annual,4584
Pteraster jordani,West Coast Annual,4584
Pteraster militaris,Aleutian Islands,5474
Pteraster militaris,Gulf of Alaska,10160
Pteraster militaris,West Coast Annual,4584
Pteraster obscurus,Eastern Bering Sea,13071
Pteraster spp.,Aleutian Islands,5474
Pteraster spp.,Eastern Bering Sea,13071
Pteraster spp.,Gulf of Alaska,10160
Pteraster tesselatus,Aleutian Islands,5474
Pteraster tesselatus,Eastern Bering Sea,13071
Pteraster tesselatus,Gulf of Alaska,10160
Pteraster tesselatus,West Coast Annual,4584
Ptilosarcus gurneyi,Gulf of Alaska,10160
Ptilosarcus gurneyi,West Coast Annual,4584
Purple striated anemone,West Coast Annual,4584
Pycnopodia helianthoides,Aleutian Islands,5474
Pycnopodia helianthoides,Gulf of Alaska,10160
Pycnopodia helianthoides,West Coast Annual,4584
Pyrulofusus deformis,Eastern Bering Sea,13071
Pyrulofusus harpa,Gulf of Alaska,10160
Pyrulofusus melonis,Eastern Bering Sea,13071
Rachycentron canadum,Southeast US Fall,2681
Rachycentron canadum,Southeast US Spring,2562
Rachycentron canadum,Southeast US Summer,2807
Radulinus asprellus,West Coast Annual,4584
Raja binoculata,West Coast Annual,4584
Raja binoculata,West Coast Triennial,3535
Raja eglanteria,Gulf of Mexico,3089
Raja eglanteria,Northeast US Fall,12884
Raja eglanteria,Northeast US Spring,12479
Raja eglanteria,Southeast US Fall,2681
Raja eglanteria,Southeast US Spring,2562
Raja inornata,West Coast Annual,4584
Raja inornata,West Coast Triennial,3535
Raja rhina,Gulf of Alaska,10160
Raja rhina,West Coast Annual,4584
Raja rhina,West Coast Triennial,3535
Raja stellulata,West Coast Annual,4584
Raja texana,Gulf of Mexico,3089
Raninoides louisianensis,Gulf of Mexico,3089
Rastrinus scutiger,Aleutian Islands,5474
Rathbunaster californicus,West Coast Annual,4584
Reinhardtius hippoglossoides,Aleutian Islands,5474
Reinhardtius hippoglossoides,Eastern Bering Sea,13071
Reinhardtius hippoglossoides,Scotian Shelf,8334
Renilla mulleri,Gulf of Mexico,3089
Rhamphocottus richardsoni,Gulf of Alaska,10160
Rhamphostomella costata,Aleutian Islands,5474
Rhinobatos lentiginosus,Gulf of Mexico,3089
Rhinolithodes wosnessenskii,Aleutian Islands,5474
Rhinolithodes wosnessenskii,Gulf of Alaska,10160
Rhinoptera bonasus,Gulf of Mexico,3089
Rhinoptera bonasus,Southeast US Fall,2681
Rhinoptera bonasus,Southeast US Spring,2562
Rhinoptera bonasus,Southeast US Summer,2807
Rhizoprionodon terraenovae,Gulf of Mexico,3089
Rhizoprionodon terraenovae,Northeast US Fall,12884
Rhizoprionodon terraenovae,Southeast US Fall,2681
Rhizoprionodon terraenovae,Southeast US Spring,2562
Rhizoprionodon terraenovae,Southeast US Summer,2807
Rhomboplites aurorubens,Gulf of Mexico,3089
Rhynchoconger flavus,Gulf of Mexico,3089
Rimapenaeus constrictus,Southeast US Spring,2562
Ronquilus jordani,West Coast Annual,4584
Rossellinae spp.,West Coast Annual,4584
Rossia,Gulf of Mexico,3089
Rossia pacifica,Aleutian Islands,5474
Rossia pacifica,Eastern Bering Sea,13071
Rossia pacifica,Gulf of Alaska,10160
Rossia pacifica,West Coast Annual,4584
Rossia pacifica,West Coast Triennial,3535
Rypticus bistrispinus,Gulf of Mexico,3089
Rypticus maculatus,Gulf of Mexico,3089
Sardinella aurita,Gulf of Mexico,3089
Sardinella aurita,Southeast US Fall,2681
Sardinella aurita,Southeast US Spring,2562
Sardinella aurita,Southeast US Summer,2807
Sardinops sagax,West Coast Annual,4584
Sarritor frenatus,Aleutian Islands,5474
Sarritor frenatus,Eastern Bering Sea,13071
Sarritor frenatus,Gulf of Alaska,10160
Saurida brasiliensis,Gulf of Mexico,3089
Saurida normani,Gulf of Mexico,3089
Sclerocrangon boreas,Aleutian Islands,5474
Scomber scombrus,Northeast US Fall,12884
Scomber scombrus,Northeast US Spring,12479
Scomber scombrus,Scotian Shelf,8378
Scomberesox saurus,Northeast US Fall,12884
Scomberomorus cavalla,Gulf of Mexico,3089
Scomberomorus cavalla,Southeast US Fall,2681
Scomberomorus cavalla,Southeast US Spring,2562
Scomberomorus cavalla,Southeast US Summer,2807
Scomberomorus maculatus,Gulf of Mexico,3089
Scomberomorus maculatus,Southeast US Fall,2681
Scomberomorus maculatus,Southeast US Spring,2562
Scomberomorus maculatus,Southeast US Summer,2807
Sconsia striata,Gulf of Mexico,3089
Scophthalmus aquosus,Northeast US Fall,12884
Scophthalmus aquosus,Northeast US Spring,12479
Scophthalmus aquosus,Southeast US Fall,2681
Scophthalmus aquosus,Southeast US Spring,2562
Scophthalmus aquosus,Southeast US Summer,2807
Scorpaena agassizii,Gulf of Mexico,3089
Scorpaena brasiliensis,Gulf of Mexico,3089
Scorpaena calcarata,Gulf of Mexico,3089
Scyliorhinus retifer,Northeast US Fall,12884
Scyliorhinus retifer,Northeast US Spring,12479
Scyllarides nodifer,Gulf of Mexico,3089
Scyllarus chacei,Gulf of Mexico,3089
Scyllarus depressus,Gulf of Mexico,3089
Scyphozoa spp.,Aleutian Islands,5474
Scyphozoa spp.,Eastern Bering Sea,13071
Scyphozoa spp.,Gulf of Alaska,10160
Scyphozoa spp.,West Coast Annual,4584
Scyphozoa spp.,West Coast Triennial,3535
Sebastes,Scotian Shelf,8649
Sebastes,West Coast Annual,4584
Sebastes alutus,Aleutian Islands,5474
Sebastes alutus,Eastern Bering Sea,13071
Sebastes alutus,Gulf of Alaska,10160
Sebastes alutus,West Coast Annual,4584
Sebastes alutus,West Coast Triennial,3535
Sebastes auriculatus,West Coast Annual,4584
Sebastes auriculatus,West Coast Triennial,3535
Sebastes aurora,West Coast Annual,4584
Sebastes aurora,West Coast Triennial,3535
Sebastes babcocki,Aleutian Islands,5474
Sebastes babcocki,Gulf of Alaska,10160
Sebastes babcocki,West Coast Annual,4584
Sebastes babcocki,West Coast Triennial,3535
Sebastes borealis,Aleutian Islands,5474
Sebastes borealis,Gulf of Alaska,10160
Sebastes brevispinis,Gulf of Alaska,10160
Sebastes brevispinis,West Coast Annual,4584
Sebastes brevispinis,West Coast Triennial,3535
Sebastes caurinus,West Coast Annual,4584
Sebastes caurinus,West Coast Triennial,3535
Sebastes chlorostictus,West Coast Annual,4584
Sebastes chlorostictus,West Coast Triennial,3535
Sebastes crameri,Gulf of Alaska,10160
Sebastes crameri,West Coast Annual,4584
Sebastes crameri,West Coast Triennial,3535
Sebastes diploproa,Gulf of Alaska,10160
Sebastes diploproa,West Coast Annual,4584
Sebastes diploproa,West Coast Triennial,3535
Sebastes elongatus,Gulf of Alaska,10160
Sebastes elongatus,West Coast Annual,4584
Sebastes elongatus,West Coast Triennial,3535
Sebastes entomelas,Gulf of Alaska,10160
Sebastes entomelas,West Coast Annual,4584
Sebastes entomelas,West Coast Triennial,3535
Sebastes fasciatus,Northeast US Fall,12884
Sebastes fasciatus,Northeast US Spring,12479
Sebastes flavidus,Gulf of Alaska,10160
Sebastes flavidus,West Coast Annual,4584
Sebastes flavidus,West Coast Triennial,3535
Sebastes goodei,West Coast Annual,4584
Sebastes goodei,West Coast Triennial,3535
Sebastes helvomaculatus,Gulf of Alaska,10160
Sebastes helvomaculatus,West Coast Annual,4584
Sebastes helvomaculatus,West Coast Triennial,3535
Sebastes hopkinsi,West Coast Annual,4584
Sebastes jordani,West Coast Annual,4584
Sebastes jordani,West Coast Triennial,3535
Sebastes levis,West Coast Annual,4584
Sebastes levis,West Coast Triennial,3535
Sebastes maliger,Gulf of Alaska,10160
Sebastes maliger,West Coast Annual,4584
Sebastes maliger,West Coast Triennial,3535
Sebastes melanops,Gulf of Alaska,10160
Sebastes melanostomus,West Coast Annual,4584
Sebastes melanostomus,West Coast Triennial,3535
Sebastes paucispinis,West Coast Annual,4584
Sebastes paucispinis,West Coast Triennial,3535
Sebastes pinniger,Gulf of Alaska,10160
Sebastes pinniger,West Coast Annual,4584
Sebastes pinniger,West Coast Triennial,3535
Sebastes polyspinis,Aleutian Islands,5474
Sebastes polyspinis,Eastern Bering Sea,13071
Sebastes polyspinis,Gulf of Alaska,10160
Sebastes proriger,Gulf of Alaska,10160
Sebastes proriger,West Coast Annual,4584
Sebastes proriger,West Coast Triennial,3535
Sebastes reedi,Gulf of Alaska,10160
Sebastes reedi,West Coast Triennial,3535
Sebastes ruberrimus,Gulf of Alaska,10160
Sebastes ruberrimus,West Coast Annual,4584
Sebastes ruberrimus,West Coast Triennial,3535
Sebastes rufus,West Coast Annual,4584
Sebastes rufus,West Coast Triennial,3535
Sebastes saxicola,West Coast Annual,4584
Sebastes saxicola,West Coast Triennial,3535
Sebastes semicinctus,West Coast Annual,4584
Sebastes sp.,West Coast Annual,4584
Sebastes spp.,Aleutian Islands,5474
Sebastes spp.,Gulf of Alaska,10160
Sebastes spp.,West Coast Triennial,3535
Sebastes variabilis,Gulf of Alaska,10160
Sebastes variegatus,Aleutian Islands,5474
Sebastes variegatus,Gulf of Alaska,10160
Sebastes wilsoni,Gulf of Alaska,10160
Sebastes wilsoni,West Coast Annual,4584
Sebastes wilsoni,West Coast Triennial,3535
Sebastes zacentrus,Gulf of Alaska,10160
Sebastes zacentrus,West Coast Annual,4584
Sebastes zacentrus,West Coast Triennial,3535
Sebastolobus alascanus,Aleutian Islands,5474
Sebastolobus alascanus,Gulf of Alaska,10160
Sebastolobus alascanus,West Coast Annual,4584
Sebastolobus alascanus,West Coast Triennial,3535
Sebastolobus altivelis,West Coast Annual,4584
Selar crumenophthalmus,Gulf of Mexico,3089
Selene setapinnis,Gulf of Mexico,3089
Selene setapinnis,Southeast US Fall,2681
Selene setapinnis,Southeast US Spring,2562
Selene setapinnis,Southeast US Summer,2807
Selene vomer,Gulf of Mexico,3089
Selene vomer,Southeast US Fall,2681
Selene vomer,Southeast US Summer,2807
Sergestes similis,West Coast Annual,4584
Seriola dumerili,Gulf of Mexico,3089
Serraniculus pumilio,Gulf of Mexico,3089
Serranus atrobranchus,Gulf of Mexico,3089
Serranus notospilus,Gulf of Mexico,3089
Serranus phoebe,Gulf of Mexico,3089
Serranus subligarius,Gulf of Mexico,3089
Serripes groenlandicus,Eastern Bering Sea,13071
Serripes groenlandicus,Gulf of Alaska,10160
Serripes spp.,Eastern Bering Sea,13071
Sicyonia,Gulf of Mexico,3089
Sicyonia brevirostris,Gulf of Mexico,3089
Sicyonia burkenroadi,Gulf of Mexico,3089
Sicyonia dorsalis,Gulf of Mexico,3089
Siliqua alta,Eastern Bering Sea,13071
Sipuncula spp.,Aleutian Islands,5474
Sipuncula spp.,Eastern Bering Sea,13071
Sipuncula spp.,West Coast Annual,4584
Solaster,West Coast Annual,4584
Solaster hypothrissus,Aleutian Islands,5474
Solaster sp.,Aleutian Islands,5486
Solaster spp.,Aleutian Islands,5474
Solaster spp.,Eastern Bering Sea,13071
Solaster spp.,Gulf of Alaska,10160
Solaster spp.,West Coast Triennial,3535
Solaster stimpsoni,Gulf of Alaska,10160
Solenocera spp.,Gulf of Mexico,3089
Somniosus pacificus,Aleutian Islands,5474
Somniosus pacificus,Gulf of Alaska,10160
Speocarcinus lobatus,Gulf of Mexico,3089
Sphoeroides dorsalis,Gulf of Mexico,3089
Sphoeroides maculatus,Northeast US Fall,12884
Sphoeroides maculatus,Southeast US Fall,2681
Sphoeroides maculatus,Southeast US Spring,2562
Sphoeroides maculatus,Southeast US Summer,2807
Sphoeroides nephelus,Gulf of Mexico,3089
Sphoeroides parvus,Gulf of Mexico,3089
Sphoeroides spengleri,Gulf of Mexico,3089
Sphyraena borealis,Gulf of Mexico,3089
Sphyraena guachancho,Gulf of Mexico,3089
Sphyraena guachancho,Southeast US Fall,2681
Sphyraena guachancho,Southeast US Spring,2562
Sphyraena guachancho,Southeast US Summer,2807
Sphyrna lewini,Southeast US Spring,2562
Sphyrna lewini,Southeast US Summer,2807
Sphyrna tiburo,Gulf of Mexico,3089
Sphyrna tiburo,Southeast US Fall,2681
Sphyrna tiburo,Southeast US Spring,2562
Sphyrna tiburo,Southeast US Summer,2807
Spirinchus thaleichthys,Gulf of Alaska,10160
Squalus acanthias,Northeast US Fall,12884
Squalus acanthias,Northeast US Spring,12479
Squalus acanthias,Scotian Shelf,8489
Squalus suckleyi,Gulf of Alaska,10160
Squalus suckleyi,West Coast Annual,4584
Squalus suckleyi,West Coast Triennial,3535
Squatina dumeril,Gulf of Mexico,3089
Squatina dumeril,Northeast US Fall,12884
Squatina dumeril,Northeast US Spring,12479
Squilla chydaea,Gulf of Mexico,3089
Squilla deceptrix,Gulf of Mexico,3089
Squilla empusa,Gulf of Mexico,3089
Squilla empusa,Southeast US Fall,2681
Squilla empusa,Southeast US Spring,2562
Squilla empusa,Southeast US Summer,2807
Squilla rugosa,Gulf of Mexico,3089
Stegophiura ponderosa,Aleutian Islands,5474
Stegophiura ponderosa,Gulf of Alaska,10160
Steindachneria argentea,Gulf of Mexico,3089
Stellifer lanceolatus,Gulf of Mexico,3089
Stellifer lanceolatus,Southeast US Fall,2681
Stellifer lanceolatus,Southeast US Spring,2562
Stellifer lanceolatus,Southeast US Summer,2807
Stenobrachius leucopsarus,Aleutian Islands,5474
Stenobrachius leucopsarus,Gulf of Alaska,10160
Stenobrachius sp.,Aleutian Islands,5474
Stenobrachius sp.,Gulf of Alaska,10160
Stenocionops furcatus,Gulf of Mexico,3089
Stenocionops spinimanus,Gulf of Mexico,3089
Stenorhynchus seticornis,Gulf of Mexico,3089
Stenotomus caprinus,Gulf of Mexico,3089
Stenotomus chrysops,Northeast US Fall,12884
Stenotomus chrysops,Northeast US Spring,12479
Stenotomus spp.,Southeast US Fall,2681
Stenotomus spp.,Southeast US Spring,2562
Stenotomus spp.,Southeast US Summer,2807
Stephanolepis hispida,Gulf of Mexico,3089
Stephanolepis hispida,Southeast US Fall,2681
Stephanolepis hispida,Southeast US Spring,2562
Stephanolepis hispida,Southeast US Summer,2807
Stephanolepis hispidus,Gulf of Mexico,3089
Stomphia,West Coast Annual,4584
Strongylocentrotus,West Coast Annual,4584
Strongylocentrotus droebachiensis,Aleutian Islands,5474
Strongylocentrotus droebachiensis,Eastern Bering Sea,13071
Strongylocentrotus droebachiensis,Gulf of Alaska,10160
Styela plicata,Gulf of Mexico,3089
Styela rustica,Aleutian Islands,5474
Styela rustica,Eastern Bering Sea,13071
Styela rustica,Gulf of Alaska,10160
Stylaster sp.,Aleutian Islands,5474
Stylasterias forreri,Gulf of Alaska,10160
Stylasterias forreri,West Coast Annual,4584
Stylocidaris affinis,Gulf of Mexico,3089
Syacium gunteri,Gulf of Mexico,3089
Syacium papillosum,Gulf of Mexico,3089
Syacium papillosum,Southeast US Fall,2681
Syacium papillosum,Southeast US Summer,2807
Symphurus civitatum,Gulf of Mexico,3089
Symphurus diomedeanus,Gulf of Mexico,3089
Symphurus plagiusa,Gulf of Mexico,3089
Symphurus plagiusa,Southeast US Fall,2681
Symphurus plagiusa,Southeast US Spring,2562
Symphurus plagiusa,Southeast US Summer,2807
Symphurus urospilus,Gulf of Mexico,3089
Synodus foetens,Gulf of Mexico,3089
Synodus foetens,Northeast US Fall,12884
Synodus foetens,Southeast US Fall,2681
Synodus foetens,Southeast US Spring,2562
Synodus foetens,Southeast US Summer,2807
Synodus intermedius,Gulf of Mexico,3089
Synodus poeyi,Gulf of Mexico,3089
Tamoya haplonema,Gulf of Mexico,3089
Tautogolabrus adspersus,Northeast US Fall,12884
Tautogolabrus adspersus,Northeast US Spring,12479
Tellina lutea,Eastern Bering Sea,13071
Telmessus cheiragonus,Eastern Bering Sea,13071
Terebratalia transversa,Gulf of Alaska,10160
Terebratellacea spp.,West Coast Annual,4584
Tethyaster grandis,Gulf of Mexico,3089
Thaleichthys pacificus,Aleutian Islands,5474
Thaleichthys pacificus,Eastern Bering Sea,13071
Thaleichthys pacificus,Gulf of Alaska,10160
Thaleichthys pacificus,West Coast Annual,4584
Thaleichthys pacificus,West Coast Triennial,3535
Thaliacea spp.,Aleutian Islands,5474
Thaliacea spp.,Gulf of Alaska,10160
Thaliacea spp.,West Coast Annual,4584
Thaliacea spp.,West Coast Triennial,3535
Thoracica spp.,Eastern Bering Sea,13071
Thoracica spp.,Gulf of Alaska,10160
Thrissacanthias penicillatus,West Coast Annual,4584
Thyriscus anoplus,Aleutian Islands,5474
Tochuina gigantea,Gulf of Alaska,10160
Tonna galea,Gulf of Mexico,3089
Torpedo californica,West Coast Annual,4584
Torpedo californica,West Coast Triennial,3535
Trachinocephalus myops,Gulf of Mexico,3089
Trachinotus carolinus,Southeast US Fall,2681
Trachinotus carolinus,Southeast US Spring,2562
Trachinotus carolinus,Southeast US Summer,2807
Trachurus lathami,Gulf of Mexico,3089
Trachurus lathami,Northeast US Fall,12884
Trachurus lathami,Southeast US Spring,2562
Trachurus symmetricus,West Coast Annual,4584
Trachurus symmetricus,West Coast Triennial,3535
Trachypeneus spp.,Gulf of Mexico,3089
Trichiurus lepturus,Gulf of Mexico,3089
Trichiurus lepturus,Southeast US Fall,2681
Trichiurus lepturus,Southeast US Spring,2562
Trichiurus lepturus,Southeast US Summer,2807
Trichodon trichodon,Eastern Bering Sea,13071
Trichodon trichodon,Gulf of Alaska,10160
Trichopsetta ventralis,Gulf of Mexico,3089
Triglops forficatus,Aleutian Islands,5474
Triglops forficatus,Gulf of Alaska,10160
Triglops macellus,Aleutian Islands,5474
Triglops macellus,Gulf of Alaska,10160
Triglops murrayi,Northeast US Fall,12884
Triglops pingelii,Aleutian Islands,5474
Triglops pingelii,Eastern Bering Sea,13071
Triglops pingelii,Gulf of Alaska,10160
Triglops scepticus,Aleutian Islands,5474
Triglops scepticus,Eastern Bering Sea,13071
Triglops scepticus,Gulf of Alaska,10160
Trinectes maculatus,Southeast US Fall,2681
Trinectes maculatus,Southeast US Spring,2562
Trinectes maculatus,Southeast US Summer,2807
Tritonia diomedea,Eastern Bering Sea,13071
Tritonia diomedea,West Coast Annual,4584
Tritonia spp.,Gulf of Alaska,10160
Tunicata,Gulf of Mexico,3089
Tunicata spp.,Aleutian Islands,5474
Tunicata spp.,Eastern Bering Sea,13071
Tunicata spp.,Gulf of Alaska,10160
Tunicata spp.,West Coast Annual,4584
Unsorted shab,West Coast Annual,4584
Upeneus parvus,Gulf of Mexico,3089
Upeneus parvus,Southeast US Spring,2562
Urophycis chuss,Northeast US Fall,12884
Urophycis chuss,Northeast US Spring,12479
Urophycis chuss,Scotian Shelf,8566
Urophycis cirrata,Gulf of Mexico,3089
Urophycis floridana,Gulf of Mexico,3089
Urophycis floridana,Southeast US Spring,2562
Urophycis regia,Gulf of Mexico,3089
Urophycis regia,Northeast US Fall,12884
Urophycis regia,Northeast US Spring,12479
Urophycis regia,Southeast US Spring,2562
Urophycis tenuis,Northeast US Fall,12884
Urophycis tenuis,Northeast US Spring,12479
Urophycis tenuis,Scotian Shelf,8566
Urticina,West Coast Annual,4584
Urticina columbiana,West Coast Annual,4584
Urticina crassicornis,West Coast Annual,4584
Urticina sp.,Eastern Bering Sea,13071
Volutopsius fragilis,Eastern Bering Sea,13071
Volutopsius spp.,Aleutian Islands,5474
Volutopsius spp.,Eastern Bering Sea,13071
Xeneretmus latifrons,West Coast Annual,4584
Xeneretmus latifrons,West Coast Triennial,3535
Xiphopenaeus kroyeri,Gulf of Mexico,3089
Xiphopenaeus kroyeri,Southeast US Fall,2681
Zalembius rosaceus,West Coast Annual,4584
Zalembius rosaceus,West Coast Triennial,3535
Zaniolepis latipinnis,West Coast Annual,4584
Zaniolepis latipinnis,West Coast Triennial,3535
Zaprora silenus,Aleutian Islands,5474
Zaprora silenus,Eastern Bering Sea,13071
Zaprora silenus,Gulf of Alaska,10160
Zenopsis conchifer,Northeast US Fall,12884
Zenopsis conchifer,Northeast US Spring,12479
Zoarces americanus,Northeast US Fall,12884
Zoarces americanus,Northeast US Spring,12479
Zoarces americanus,Scotian Shelf,8456
NA,Gulf of Mexico,3129
NA,Northeast US Fall,14524
NA,Northeast US Spring,14769
NA,Southeast US Fall,2684
NA,Southeast US Spring,2564
NA,Southeast US Summer,2807
